name,platform,release_date
10 Second Ninja X,,
5 Star Wrestling: ReGenesis,,
7 Days to Die,,
A.O.T.: Wings of Freedom,,
Abyss Odyssey: Extended Dream Edition,,
Ace Combat 7,,
ACT IT OUT! A Game of Charades,,
ADR1FT,,
Adventure Time: Finn and Jake Investigations,,
Aegis of Earth: Protonovus Assault,,
Agents of Mayhem,,
AIPD,,
AIPD - Artificial Intelligence Police Department,,
Air Conflicts Double Pack,,
Akiba's Trip 2,,
Akiba's Trip: Undead & Undressed,,
Albedo: Eyes from Outer Space,,
Alien: Isolation,,
Amazing Discoveries In Outer Space,,
"Amazing Spider-Man 2, The",,
Among the Sleep,,
Amplitude,,
Angry Birds Star Wars,,
Anima: Gate of Memories,,
Anomaly 2,,
Another World: 20th Anniversary Edition,,
Aragami,,
Arc the Lad: Twilight of the Spirits,,
Arcade Archives: A-jax,,
Arcade Archives: Buta San,,
Arcade Archives: Butasan,,
Arcade Archives: City Connection,,
Arcade Archives: Crazy Climber,,
Arcade Archives: Double Dragon,,
Arcade Archives: Double Dragon II - The Revenge,,
Arcade Archives: Exciting Hour,,
Arcade Archives: Exerion,,
Arcade Archives: Gradius,,
Arcade Archives: Karate Champ,,
Arcade Archives: Karate Dou,,
Arcade Archives: Mat Mania Exciting Hour,,
Arcade Archives: Moon Cresta,,
Arcade Archives: Mr. Goemon,,
Arcade Archives: Nekketsu Kouha Kunio-Kun,,
Arcade Archives: Ninja-Kid,,
Arcade Archives: Ninja-Kun: Majou no Bouken,,
Arcade Archives: Nova 2001,,
Arcade Archives: Renegade,,
Arcade Archives: Terra Cresta,,
Arcade Archives: Typhoon,,
Arcade Game Series 3-in-1 Pack,,
Arcade Game Series: Dig Dug,,
Arcade Game Series: Galaga,,
Arcade Game Series: Ms. Pac-Man,,
Arcade Game Series: Pac-Man,,
Arslan Senki X Musou,,
Arslan: The Warriors of Legend,,
Assassin's Creed Chronicles,,
Assassin's Creed Chronicles: China,,
Assassin's Creed Chronicles: India,,
Assassin's Creed Chronicles: Russia,,
Assassin's Creed IV: Black Flag,,
Assassin's Creed IV: Jackdaw Edition,,
Assassin's Creed Syndicate,,
Assassin's Creed Syndicate: Jack the Ripper,,
Assassin's Creed Syndicate: Steampunk Pack,,
Assassin's Creed Syndicate: Victorian Legends Pack,,
Assassin's Creed Unity,,
Assassin's Creed Unity: Dead Kings,,
Assassin's Creed Unity: Revolutionary Armaments Pack,,
Assassin's Creed Unity: Secrets of the Revolution,,
Assassin's Creed Unity: Underground Armory Pack,,
Assault Suit Leynos,,
Assetto Corsa,,
Atelier Sophie: The Alchemist of the Mysterious Book,,
Attack on Titan,,
Awesomenauts Assemble!,,
Awesomenauts Assemble! Digital Collector's Edition,,
Awesomenauts Assemble! Power Pack,,
Awesomenauts Assemble!: Starstorm,,
Back to the Future: The Game,,
"Banner Saga, The",,
Baseball Riot,,
Bastion,,
Batman: Arkham Knight,,
Batman: Arkham Knight - A Flip of a Coin,,
Batman: Arkham Knight - A Matter of Family,,
Batman: Arkham Knight - Catwoman's Revenge,,
Batman: Arkham Knight - Crime Fighter Challenge Pack 1,,
Batman: Arkham Knight - Crime Fighter Challenge Pack 2,,
Batman: Arkham Knight - Crime Fighter Challenge Pack 3,,
Batman: Arkham Knight - Crime Fighter Challenge Pack 4,,
Batman: Arkham Knight - Crime Fighter Challenge Pack 5,,
Batman: Arkham Knight - Game of the Year Edition,,
Batman: Arkham Knight - GCPD Lockdown,,
Batman: Arkham Knight - Harley Quinn Story Pack,,
Batman: Arkham Knight - Red Hood Story Pack,,
Batman: Arkham Knight - Season of Infamy: Most Wanted,,
Batman: Arkham Knight - WayneTech Track Pack,,
Batman: Return to Arkham,,
Batman: The Telltale Series,,
Battle Trivia Knockout,,
Battleborn,,
Battlefield 1,,
Battlefield 4,,
Battlefield 4: Premium Edition,,
Battlefield Hardline,,
Beyond Flesh and Blood,,
Beyond: Two Souls,,
BioHazard 0: HD Remaster,,
BioHazard 7: resident evil,,
BioHazard HD Remaster,,
BioHazard: Origins Collection,,
BioHazard: Revelations 2,,
BioHazard: Revelations 2 - Episode 1: Penal Colony,,
BioHazard: Revelations 2 - Episode 2: Contemplation,,
BioHazard: Revelations 2 - Episode 3: Judgment,,
BioHazard: Revelations 2 - Episode 4: Metamorphosis,,
BioHazard: Revelations 2 - Extra Episode 1: The Struggle,,
BioHazard: Revelations 2 - Extra Episode 2: Little Miss,,
BioHazard: Revelations 2: The Complete Season,,
BioShock: The Collection,,
Bladestorm: Hyakunen Sensou & Nightmare,,
Bladestorm: Nightmare,,
BlazBlue: Chrono Phantasma Extend,,
BlazeRush,,
Blood Bowl 2,,
Bloodborne,,
Bloodborne: Complete Edition,,
Bloodborne: Game of the Year Edition,,
Bloodborne: The Old Hunters,,
Bloodborne: The Old Hunters Edition,,
Blue Estate,,
Bombing Busters,,
Borderlands: Double Deluxe Collection,,
Borderlands: The Handsome Collection,,
Bound by Flame,,
"Boy and His Blob, A",,
Broken Sword 5: The Serpent's Curse,,
Brothers: A Tale of Two Sons,,
Call of Duty: Advanced Warfare,,
Call of Duty: Black Ops III,,
Call of Duty: Ghosts,,
Call of Duty: Infinite Warfare,,
Call of Duty: Infinite Warfare - Legacy Pro Edition,,
Carmageddon: Max Damage,,
Cast of the Seven Godsends: Redux,,
CastleStorm: Definitive Edition,,
Cel Damage HD,,
Chikyuu Boueigun 4.1: The Shadow of New Despair,,
Child of Light,,
Chivalry: Medieval Warfare,,
Contrast,,
CounterSpy,,
"Crew, The",,
"Crew: Wild Run Edition, The",,
"Crew: Wild Run, The",,
Crimsonland,,
Croixleur Sigma,,
Crypt of the NecroDancer,,
Cyberpunk 2077,,
Dariusburst: Chronicle Saviours,,
Dark Souls II: Scholar of the First Sin,,
Dark Souls III,,
Darksiders II: Deathinitive Edition,,
Daylight,,
Days Gone,,
De-formers,,
Dead Island 2,,
Dead Island: Definitive Collection,,
Dead Island: Definitive Edition,,
Dead Nation: Apocalypse Edition,,
Dead Nation: Mokushiroku Edition,,
Dead or Alive 5: Last Round,,
"Deadly Tower of Monsters, The",,
Deadpool,,
Death Stranding,,
Deception IV: The Nightmare Princess,,
Deep Down,,
Destiny,,
Destiny: Furitachi Jashin - Legendary Edition,,
Destiny: The Taken King - Collector's Edition,,
Destiny: The Taken King - Legendary Edition,,
Detroit: Become Human,,
Deus Ex: Mankind Divided,,
DG2: Defense Grid 2,,
Diablo III: Ultimate Evil Edition,,
DiRT Rally,,
Disgaea 5: Alliance of Vengeance,,
Dishonored 2,,
Dishonored HD,,
Dishonored: Definitive Edition,,
Disney Infinity 2.0 Edition,,
Disney Infinity 3.0 Edition,,
Divekick: Addition Edition +,,
Divinity: Original Sin Enhanced Edition,,
DmC: Devil May Cry Definitive Edition,,
Doki-Doki Universe,,
Don Bradman Cricket,,
Don Bradman Cricket 14,,
Doodle God,,
DOOM,,
Dragon Age: Inquisition,,
Dragon Ball: Xenoverse,,
Dragon Ball: Xenoverse 2,,
Dragon Fin Soup,,
Dragon Quest Builders,,
Dragon Quest Builders: Alefgard o Fukkatsu Niseyo,,
Dragon Quest Heroes: The World Tree's Woe and the Blight Below,,
Dragon Quest Heroes: Yamiryuu to Sekaiju no Shiro,,
Dreamals,,
Driveclub,,
Dust: An Elysian Tail,,
Dying Light,,
Dying Light: The Following,,
Dying Light: The Following - Enhanced Edition,,
Dynasty Warriors 8 Empires,,
Dynasty Warriors 8: Xtreme Legends Complete Edition,,
EA Sports UFC,,
EA Sports UFC 2,,
Earth Defense Force 4.1: The Shadow of New Despair,,
"Elder Scrolls Online: Gold Edition, The",,
"Elder Scrolls Online: Tamriel Unlimited, The",,
"Elder Scrolls V: Skyrim Special Edition, The",,
Entwined,,
"Escapists, The",,
ETHER One,,
"Evil Within, The",,
Evolve,,
F1 2015,,
F1 2016,,
Fairy Fencer F: Advent Dark Force,,
Fallout 4,,
Far Cry 4,,
Far Cry Primal,,
Farming Simulator 15,,
Farming Simulator 17,,
Fat Princess Adventures,,
Fez,,
FIFA 14,,
FIFA 15,,
FIFA 16,,
FIFA 17,,
Final Fantasy Type-0 HD,,
Final Fantasy VII,,
Final Fantasy VII Remake,,
Final Fantasy X / X-2 HD Remaster,,
Final Fantasy XII: The Zodiac Age,,
Final Fantasy XIV Online,,
Final Fantasy XIV Online: A Realm Reborn,,
Final Fantasy XIV Online: Shinsei Eorzea,,
Final Fantasy XIV Online: The Complete Experience,,
Final Fantasy XIV: Heavensward,,
Final Fantasy XIV: Souten no Ishgard,,
Final Fantasy XV,,
Firewatch,,
Flockers,,
For Honor,,
Futuridium EP Deluxe,,
Gal Gun: Double Peace,,
Gal*Gun: Double Peace,,
Game of Thrones: A Telltale Games Series,,
Gems of War,,
Gensou no Rondo,,
Ghostbusters,,
Giana Sisters: Twisted Dreams,,
Giana Sisters: Twisted Dreams - Director's Cut,,
God Eater 2: Rage Burst,,
God of War,,
God of War III Remastered,,
Godzilla,,
Godzilla VS,,
"Golf Club, The",,
Gone Home: Console Edition,,
Gran Turismo Sport,,
Grand Kingdom,,
Grand Theft Auto III,,
Grand Theft Auto V,,
Grand Theft Auto: San Andreas,,
Gravity Daze,,
Gravity Daze 2,,
Gravity Rush 2,,
Gravity Rush Remastered,,
Guacamelee! Super Turbo Championship Edition,,
Guilty Gear Xrd -REVELATOR-,,
Guitar Hero Live,,
GUNS UP!,,
Handball 16,,
Hardware: Rivals,,
Hasbro Family Fun Pack,,
Hatoful Boyfriend,,
Hatoful Boyfriend: Holiday Star,,
Heavy Rain & Beyond: Two Souls Collection,,
Helldivers,,
Hitman,,
Hitokui no Oowashi Trico,,
Hohokum,,
Homefront: The Revolution,,
Horizon: Zero Dawn,,
Hotline Miami,,
I Am Setsuna,,
Ikenie to Yuki no Setsuna,,
In Space We Brawl,,
inFamous: First Light,,
inFamous: Second Son,,
Injustice 2,,
Injustice: Gods Among Us - Ultimate Edition,,
Inside My Radio,,
J-Stars Victory Vs+,,
"Jackbox Party Pack, The",,
Journey Collector's Edition,,
Just Cause 3,,
Just Cause 3: XL Edition,,
Just Dance 2014,,
Just Dance 2015,,
Just Dance 2016,,
Just Dance 2017,,
Kagero: Mou Hitori no Princess,,
KickBeat: Special Edition,,
Killzone: Shadow Fall,,
Killzone: Shadow Fall - Intercept,,
King Oddball,,
"King of Fighters XIV, The",,
Kingdom Hearts HD 2.8 Final Chapter Prologue,,
Kingdom Hearts III,,
Klaus,,
Knack,,
Knot,,
Kromaia Omega,,
Kung Fu Panda: Showdown of Legendary Legends,,
Lara Croft and the Temple of Osiris,,
"Last Guardian, The",,
"Last of Us Remastered, The",,
"Last of Us: Left Behind, The",,
"Last Tinker: City of Colors, The",,
LEGO Batman 3: Beyond Gotham,,
LEGO Batman 3: The Game - Gotham Kara Uchuu e,,
LEGO Dimensions,,
LEGO Jurassic World,,
LEGO Marvel Super Heroes,,
LEGO Marvel's Avengers,,
"LEGO Movie Videogame, The",,
LEGO Star Wars: Force no Kakusei,,
LEGO Star Wars: The Force Awakens,,
LEGO The Hobbit,,
Life is Strange,,
LittleBigPlanet 3,,
Lone Survivor: The Director's Cut,,
Lords of the Fallen,,
Mad Max,,
Madden NFL 15,,
Madden NFL 16,,
Madden NFL 17,,
Madden NFL 25,,
Mafia III,,
Majo to Hyakkihei Revival,,
Makai Senki Disgaea 5,,
Marvel Puzzle Quest: Dark Reign,,
Mass Effect: Andromeda,,
Mega Man Legacy Collection,,
Megadimension Neptunia VII,,
Megadimension Neptunia VII: 1st Level Cap,,
Megadimension Neptunia VII: 2nd Level Cap,,
Mercenary Kings,,
Metal Gear Solid V: Ground Zeroes,,
Metal Gear Solid V: The Phantom Pain,,
Metro Redux,,
Metro: 2033 Redux,,
Metro: Last Light Redux,,
Middle-earth: Shadow of Mordor,,
Middle-earth: Shadow of Mordor - Game of the Year Edition,,
Mighty No. 9,,
Minecraft: PlayStation 4 Edition,,
Minecraft: Story Mode - A Telltale Games Series,,
Mirror's Edge Catalyst,,
MLB 14: The Show,,
Monopoly: Family Fun Pack,,
Mortal Kombat X,,
Mortal Kombat XL,,
MotoGP 14,,
MotoGP 15,,
Motorcycle Club,,
MouseCraft,,
Murdered: Soul Suspect,,
Murdered: Tamashii no Yobu Koe,,
Musou Orochi 2 Ultimate,,
MXGP2: The Official Motocross Videogame,,
MXGP: The Official Motocross Videogame,,
N++,,
Naruto Shippuden: Narutimate Storm 4,,
Naruto Shippuden: Ultimate Ninja Storm 4,,
Natural Doctrine,,
NBA 2K14,,
NBA 2K15,,
NBA 2K16,,
NBA 2K17,,
NBA Live 14,,
NBA Live 15,,
NBA Live 16,,
Need for Speed,,
Need for Speed: Rivals,,
Never Alone,,
Never Alone: Arctic Collection,,
Never Alone: Foxtales,,
Neverwinter,,
NHL 15,,
NHL 16,,
NHL 17,,
Ni no Kuni II: Revenant Kingdom,,
NieR: Automata,,
Nights of Azure,,
Ninja Pizza Girl,,
Nitro+ Blasterz: Heroines Infinite Duel,,
Nitroplus Blasterz: Heroines Infinite Duel,,
No Man's Sky,,
Nobunaga no Yabou: Souzou,,
Nobunaga's Ambition: Sphere of Influence,,
Not a Hero,,
Nuclear Throne,,
Obliteracers,,
Octodad: Dadliest Catch,,
Octodad: Tako to Yoba na Ide,,
Oddworld: Abe's Oddysee - New 'n' Tasty,,
Oddworld: Abe's Oddysee - New 'n' Tasty: Alf's Escape,,
Odin Sphere Leifthrasir,,
Odin Sphere: Leifdrasir,,
OlliOlli,,
Omega Quintet,,
Omega Quintet: First Verse Maiden War,,
Omega Quintet: Fourth Verse Maiden War,,
Omega Quintet: Second Verse Maiden War,,
Omega Quintet: Third Verse Maiden War,,
One Piece: Burning Blood,,
One Piece: Kaizoku Musou 3,,
One Piece: Pirate Warriors 3,,
Onechanbara Z2: Chaos,,
"Order: 1886, The",,
Overwatch,,
Pac-Man 256,,
Pac-Man Championship Edition 2,,
Payday 2: Crimewave Edition,,
"Peanuts Movie: Snoopy's Grand Adventure, The",,
Peggle 2,,
"Pinball Arcade, The",,
Pix the Cat,,
PixelJunk Shooter Ultimate,,
PlanetSide 2,,
Plants vs Zombies: Garden Warfare,,
Plants vs Zombies: Garden Warfare 2,,
"Playroom, The",,
PlayStation 4,,
PlayStation 4 Neo,,
PlayStation VR WORLDS,,
Pocchari * Princess: Meta Bouken,,
PONCHO,,
Prey,,
Primal Carnage: Extinction,,
Prison Architect,,
Pro Evolution Soccer 2015,,
Pro Evolution Soccer 2016,,
Pro Evolution Soccer 2017,,
Professional Farmer 2016,,
Professional Lumberjack 2016,,
Project CARS,,
Psycho Break,,
Psycho-Pass: Mandatory Happiness,,
Psycho-Pass: Sentaku Naki Koufuku,,
Puddle,,
Pure Chess,,
Pure Pool,,
Putty Squad,,
Rabbids Invasion,,
Ratchet & Clank,,
Ratchet & Clank: The Game,,
Rayman Legends,,
Republique,,
Resident Evil,,
Resident Evil 0: HD Remaster,,
Resident Evil 7: biohazard,,
Resident Evil HD Remaster,,
Resident Evil: Origins Collection,,
Resident Evil: Revelations 2,,
Resident Evil: Revelations 2 - Episode 1: Penal Colony,,
Resident Evil: Revelations 2 - Episode 2: Contemplation,,
Resident Evil: Revelations 2 - Episode 3: Judgment,,
Resident Evil: Revelations 2 - Episode 4: Metamorphosis,,
Resident Evil: Revelations 2 - Extra Episode 1: The Struggle,,
Resident Evil: Revelations 2 - Extra Episode 2: Little Miss,,
Retro City Rampage DX,,
RIDE,,
RIGS: Mechanized Combat League,,
Rise of the Tomb Raider,,
Rise of the Tomb Raider: 20 Year Celebration,,
Road Not Taken,,
Rock Band 4,,
Rocket League,,
RockMan Classics Collection,,
Rocksmith 2014 Edition,,
Rogue Legacy,,
Romance of the Three Kingdoms XIII,,
Rory McIlroy PGA Tour,,
Rugby 15,,
Rugby Challenge 3,,
Rugby League Live 3,,
Rugby World Cup 2015,,
Saint Seiya: Soldiers' Soul,,
Saints Row IV: Re-Elected & Gat Out of Hell,,
Samurai Warriors 4,,
Samurai Warriors 4 Empires,,
Samurai Warriors 4 II,,
Samurai Warriors 4-II,,
San Goku Shi 13,,
Sebastien Loeb Rally Evo,,
Sengoku Musou 4,,
Sengoku Musou 4 Empires,,
Sengoku Musou 4-II,,
Senjou no Valkyria Remaster,,
Senran Kagura: Estival Versus,,
Senran Kagura: Estival Versus - Shoujotachi no Sentaku,,
Shadow Complex Remastered,,
Shadow Warrior,,
Shantae and the Pirate's Curse,,
Shantae: Kaizoku no Noroi,,
Shantae: Risky Boots no Gyakushu,,
Shantae: Risky's Revenge - Director's Cut,,
Sherlock Holmes: Crimes & Punishments,,
Sherlock Holmes: The Devil's Daughter,,
Shin Jigen Game Neptune VII,,
Shin Jigen Game Neptune VII: 1st Level Cap,,
Shin Jigen Game Neptune VII: 2nd Level Cap,,
Shin Sangoku Musou 7 Empires,,
Shin Sangoku Musou 7 with Moushouden,,
Shingeki no Kyojin,,
Shovel Knight,,
Silent Hills,,
SingStar: Ultimate Party,,
Siralim,,
Skullgirls: 2nd Encore,,
Skylanders Imaginators,,
Skylanders SuperChargers,,
Skylanders Swap Force,,
Skylanders Trap Team,,
SkyScrappers,,
Sleeping Dogs: Definitive Edition,,
Sniper Elite 4,,
Sniper Elite III,,
Sniper: Ghost Warrior 3,,
Song of the Deep,,
Sophie no Atelier: Fushigi na Hon no Renkinjutsushi,,
South Park: The Fractured But Whole,,
Sparkle 2,,
Sparkle Unleashed,,
Spelunky,,
Spider-Man,,
Sportsfriends,,
Spy Chameleon,,
Star Ocean 5: Integrity and Faithlessness,,
Star Ocean: Integrity and Faithlessness,,
Star Wars Battlefront,,
Star Wars: Battlefront,,
Stardust Vanguards,,
Stealth Inc: A Clone in the Dark Ultimate Edition,,
SteamWorld Dig,,
Steep,,
Street Fighter V,,
Strike Suit Zero: Director's Cut,,
Styx: Master of Shadows,,
Super Meat Boy,,
Super Star Wars,,
Super Time Force Ultra,,
"Swapper, The",,
Sword Art Online: Hollow Realization,,
Sword Art Online: Lost Song,,
Sword Coast Legends,,
Tales from the Borderlands: A Telltale Game Series,,
Tales of Berseria,,
Tales of Zestiria,,
Tales of Zestiria: Bonus Chapter - Alisha's Conviction,,
"Talos Principle, The",,
Tearaway PS4,,
Tearaway Unfolded,,
"Technomancer, The",,
Teenage Mutant Ninja Turtles: Mutants in Manhattan,,
Tekken 7,,
Tembo the Badass Elephant,,
Tennis in the Face,,
Terraria,,
Teslagrad,,
Tetris Ultimate,,
That Trivia Game,,
THE BIT.TRIP,,
Thief,,
This War of Mine: The Little Ones,,
Titan Attacks!,,
Titanfall 2,,
Toki Tori 2 +,,
Tom Clancy's Ghost Recon: Wildlands,,
Tom Clancy's Rainbow Six Siege,,
Tom Clancy's The Division,,
Tomb Raider: Definitive Edition,,
"Tomorrow Children, The",,
Tony Hawk's Pro Skater 5,,
Touhou Genso Rondo: Bullet Ballet,,
Toukiden: Kiwami,,
Tour de France 2014,,
Tower of Guns,,
TowerFall Ascension,,
Trackmania Turbo,,
Transformers: Devastation,,
Transformers: Rise of the Dark Spark,,
Transistor,,
"Treasures of Montezuma 4, The",,
Trials Fusion,,
Trials Fusion: The Awesome MAX Edition,,
Trine 2: Complete Story,,
Trine 3: The Artifacts of Power,,
Tropico 5,,
Tropico 5 - Complete Collection,,
UEFA EURO 2016,,
UEFA EURO 2016: Pro Evolution Soccer,,
UEFA EURO 2016: Winning Eleven 2016,,
Ultra Street Fighter IV,,
Uncharted 4: A Thief's End,,
Uncharted Collection,,
Uncharted: Kaizokuou to Saigo no Hihou,,
Uncharted: The Nathan Drake Collection,,
"Unfinished Swan, The",,
Unravel,,
Until Dawn,,
Until Dawn: Rush of Blood,,
Until Dawn: Sangeki no Sansou,,
Valentino Rossi The Game,,
Valiant Hearts: The Great War,,
Valkyria Chronicles Remastered,,
Velocity 2X,,
Volume,,
"Walking Dead: A Telltale Games Series - The Complete First Season, The",,
"Walking Dead: Season Two - A Telltale Games Series, The",,
"Warhammer 40,000: Eternal Crusade",,
Warriors Orochi 3 Ultimate,,
Wasteland 2: Director's Cut,,
Watch Dogs,,
Watch Dogs 2,,
WE ARE DOOMED,,
Winning Eleven 2016,,
Winning Eleven 2017,,
"Witch and the Hundred Knight: Revival Edition, The",,
"Witcher 3: Wild Hunt - Blood and Wine, The",,
"Witcher 3: Wild Hunt - Hearts of Stone, The",,
"Witcher 3: Wild Hunt, The",,
"Witness, The",,
Woah Dave!,,
"Wolf Among Us, The",,
Wolfenstein: The New Order,,
Wolfenstein: The Old Blood,,
World of Final Fantasy,,
World of Warriors,,
World Soccer Winning Eleven 2015,,
Worlds of Magic: Planar Conquest,,
Worms Battlegrounds,,
Worms WMD All-Stars,,
WRC 5,,
WRC 5: FIA World Rally Championship,,
WWE 2K15,,
WWE 2K16,,
WWE 2K17,,
XCOM 2,,
Xeodrifter,,
Yoru no Nai Kuni,,
Zombi,,
Zombie Army Trilogy,,
Zombie Vikings,,
,,
#IDARB,,
AirMech Arena,,
Assassin's Creed Syndicate: Runaway Train,,
Assassin's Creed Syndicate: The Darwin And Dickens Conspiracy,,
BADLAND: Game of the Year Edition,,
Beach Buggy Racing,,
"Bridge, The",,
Chariot,,
Cobalt,,
Costume Quest 2,,
Crackdown 3,,
Crimson Dragon,,
D4: Dark Dreams Don't Die,,
Dance Central Spotlight,,
Dead Rising 3,,
Dead Rising 4,,
Disney Fantasia: Ongaku no Mahou,,
"Elder Scrolls Online, The",,
Fable Legends,,
Fantasia: Music Evolved,,
Far Cry 4 (Limited Edition),,
Fighter Within,,
Forza Horizon 2,,
Forza Horizon 3,,
Forza Motorsport 5,,
Forza Motorsport 6,,
Fruit Ninja Kinect 2,,
Game of Thrones: Episode One - Iron From Ice,,
Gears of War 4,,
Gears of War: Ultimate Edition,,
Geometry Wars 3: Dimensions,,
Geometry Wars 3: Dimensions Evolved,,
Goat Simulator,,
"Guns, Gore & Cannoli",,
Halo 5: Guardians,,
Halo Wars 2,,
Halo: Spartan Assault,,
Halo: The Master Chief Collection,,
Hand of Fate,,
Happy Wars,,
How to Survive: Storm Warning Edition,,
Just Dance: Disney Party 2,,
Kalimba,,
Killer Instinct,,
Killer Instinct 2 Classic,,
Killer Instinct Season 2,,
Killer Instinct: Definitive Edition,,
Kinect Sports Rivals,,
LA Cops,,
"Legend of Korra, The",,
Lifeless Planet: Premier Edition,,
LIMBO,,
LocoCycle,,
Magic: Duels of the Planeswalkers 2015,,
Massive Chalice,,
Max: The Curse of Brotherhood,,
Minecraft: Story Mode - The Complete Adventure,,
Minecraft: Xbox One Edition,,
Monopoly Deal,,
Monopoly Plus,,
MX vs. ATV Supercross Encore,,
Nutjitsu,,
Ori and the Blind Forest,,
Outlast,,
Phantom Dust,,
Pinball FX 2,,
Pool Nation FX,,
Powerstar Golf,,
Prison Architect: Xbox One Edition,,
Project Spark,,
Quantum Break,,
Rare Replay,,
Rare Replay: Hit game 30 Sakuhin - Meisaku Collection,,
ReCore,,
Riot Act,,
Rise of the Tomb Raider: Baba Yaga - The Temple of the Witch,,
Rise of the Tomb Raider: Endurance Mode,,
RISK,,
Ryse: Son of Rome,,
Saints Row IV: Chou Kanzenhan,,
Scalebound,,
Schrodinger's Cat and the Raiders of the Lost Quark,,
ScreamRide,,
Sea of Thieves,,
Shape Up,,
Slender: The Arrival,,
State of Decay 2,,
State of Decay: Year One Survival Edition,,
Stealth Inc 2: A Game of Clones,,
Stick it to the Man!,,
Strider,,
Strider Hiryu,,
Sunset Overdrive,,
SUPER ROBO MOUSE,,
Super Time Force,,
Tales From The Borderlands: Episode One - Zer0 Sum,,
Thomas Was Alone,,
Titanfall,,
Tropico 5 Penultimate Edition,,
Ultratron,,
Volgarr the Viking,,
Warframe,,
White Night,,
World of Tanks,,
Xbox Fitness,,
Xbox One,,
Xbox One S,,
Zombie Driver: Ultimate Edition,,
Zoo Tycoon,,
Zumba Fitness World Party,,
Aabs Animals,,
Age of Zombies,,
"Amazing Spider-Man, The",,
Arcana Heart 3: LOVEMAX!!!!!,,
Army Corps of Hell,,
Asphalt: Injection,,
Assassin's Creed III: Lady Liberty,,
Assassin's Creed III: Liberation,,
Atelier Escha & Logy Plus: Alchemists of the Dusk Sky,,
Atelier Meruru Plus: The Apprentice of Arland,,
Atelier Rorona Plus: The Alchemist of Arland,,
Atelier Totori Plus: The Adventurer of Arland,,
Baboon!,,
Backgammon Blitz,,
Batman: Arkham Begins Blackgate,,
Batman: Arkham Origins Blackgate,,
Ben 10: Galactic Racing,,
Bentley's Hackpack,,
Big Sky: Infinity,,
Big Sky: Infinity - Retro Mode,,
BigFest,,
Bit.Trip Presents...Runner2: Future Legend of Rhythm Alien,,
BlazBlue: Continuum Shift Extend,,
Bomber Farm 3D,,
Borderlands 2,,
BreakQuest: Extra Evolution,,
Broken Sword 5: The Serpent's Curse - Episode 1,,
Broken Sword 5: The Serpent's Curse - Episode 2,,
Buba,,
Call of Duty: Black Ops Declassified,,
CastleStorm,,
CastleStorm: From Outcast to Savior,,
CastleStorm: The Warrior Queen,,
Chikyuu Boueigun 2 Portable V2,,
Chikyuu Boueigun 3 Portable,,
Chou Jigen Action: Neptune U,,
Chou Jijigen Game Neptune Re:Birth1,,
Chou Jijigen Game Neptune Re:Birth1: Additional Content Package 1,,
Chou Jijigen Game Neptune Re:Birth1: Additional Content Package 2,,
Chou Jijigen Game Neptune Re:Birth1: Additional Content Package 3,,
Chou Jijigen Game Neptune Re:Birth1: Histoire Battle Entry License,,
Chou Jijigen Game Neptune Re:Birth1: Peashy Battle Entry License,,
Chou Jijigen Game Neptune Re:Birth1: Plutia Battle Entry License,,
Chou Megami Shinkou Noire: Gekishin Black Heart,,
Chou Megami Shinkou Noire: Gekishin Black Heart - New Party Member [Compa],,
Chou Megami Shinkou Noire: Gekishin Black Heart - New Party Member [IF],,
Chou Megami Shinkou Noire: Gekishin Black Heart - New Party Member [Sting],,
Chou Megami Shinkou Noire: Gekishin Black Heart - New Party Member [Tiara],,
Chou Tsugitsugimono Game Neptune Re;Birth2: Sisters Generation,,
Chou Tsugitsugimono Game Neptune Re;Birth2: Sisters Generation - Additional Content Pack 1,,
Chou Tsugitsugimono Game Neptune Re;Birth2: Sisters Generation - Additional Content Pack 2,,
Chou Tsugitsugimono Game Neptune Re;Birth2: Sisters Generation - Additional Content Pack 3,,
Chronovolt,,
Cliff Diving,,
Coconut Dodge Revitalised,,
Conception II: Children of the Seven Stars,,
Conception II: Shichisei no Michibiki to Mazuru no Akumu,,
Console Saga,,
Crazy Market,,
Danganronpa,,
Danganronpa 2,,
Danganronpa 2: Goodbye Despair,,
Danganronpa Another Episode: Ultra Despair Girls,,
Danganronpa: Trigger Happy Havoc,,
Dark Quest: Alliance,,
Day D Tower Rush,,
Dead Nation,,
Dead or Alive 5 Plus,,
Deception IV: Blood Ties,,
Dekamori Senran Kagura,,
Demon Gaze,,
Die!Die!Die!,,
Disgaea 3: Absence of Detention,,
Disgaea 4: A Promise Revisited,,
Disney Epic Mickey 2: The Power of Two,,
Divekick,,
Divekick: Addition Edition,,
Doctor Who: The Eternity Clock,,
Dokuro,,
Don't Starve: Giant Edition,,
Doodle Devil,,
Dragon Ball Z: Battle of Z,,
Dragon Fantasy Book I,,
Dragon's Crown,,
Dragons Crown,,
Draw Slasher,,
Dungeon Hunter: Alliance,,
Dungeon Travelers 2: Ouritsu Toshokan to Mamono no Fuuin,,
Dungeon Travelers 2: The Royal Library & the Monster Seal,,
Dynasty Warriors Next,,
Earth Defence Force 3 Portable,,
Earth Defense Force 2017 Portable,,
Earth Defense Force 2: Invaders From Planet Space,,
Ecolibrium,,
Eiyuu Densetsu: Sen no Kiseki,,
Eiyuu Densetsu: Sen no Kiseki II,,
Escape Plan,,
Escape Plan: Director's Cut,,
Escha & Logy no Atelier Plus: Tasogare no Sora no Renkinjutsushi,,
Ethan: Meteor Hunter,,
Eufloria,,
Eufloria HD,,
Everybody's Golf,,
Everybody's Golf: World Invitational,,
F1 2011,,
Farming Simulator 14,,
Farming Simulator 14: Pocket Nouen 2,,
Farming Simulator 16,,
Farming Simulator 16: Pocket Nouen 3,,
FIFA 13,,
FIFA 13: World Class Soccer,,
FIFA Football,,
FIFA Soccer,,
FIFA Soccer 13,,
FIFA World Class Soccer,,
Fireworks,,
Floating Cloud God Saves the Pilgrims in HD!,,
flOw,,
flower,,
flowery,,
Flying Hamster HD,,
Football Manager Classic 2014,,
Fort Defense,,
Freedom Wars,,
Frobisher Says!,,
Frozen Synapse Prime,,
Fruit Ninja,,
Fukumen Toushi: Masked Warrior,,
Furmins,,
Gal Gun Double Peace,,
Ganbare! Zunou-Chan,,
Germinator,,
God of War Collection,,
Gravity Badgers,,
Gravity Crash Ultra,,
Gravity Cube,,
Gravity Daze: Maid Costume Pack,,
Gravity Daze: Military Pack,,
Gravity Daze: Spy Costume Pack,,
Gravity Rush,,
Gravity Rush: Maid Costume Pack,,
Gravity Rush: Maid Mission Pack,,
Gravity Rush: Military Mission Pack,,
Gravity Rush: Military Pack,,
Gravity Rush: Spy Costume Pack,,
Gravity Rush: Spy Mission Pack,,
Guacamelee!,,
Hako! Open Me,,
Hatsune Miku: Project Diva f,,
Hatsune Miku: Project Diva F 2nd,,
"HD Adventures of Rotating Octopus Character, The",,
Hot Shots Golf: World Invitational,,
Hustle Kings,,
Hyperdevotion Noire: Goddess Black Heart,,
Hyperdevotion Noire: Goddess Black Heart - New Party Member [Compa],,
Hyperdevotion Noire: Goddess Black Heart - New Party Member [IF],,
Hyperdevotion Noire: Goddess Black Heart - New Party Member [Sting],,
Hyperdevotion Noire: Goddess Black Heart - New Party Member [Tiara],,
Hyperdimension Neptunia PP: Producing Perfection,,
Hyperdimension Neptunia Re;Birth 1,,
Hyperdimension Neptunia Re;Birth1,,
Hyperdimension Neptunia Re;Birth1: Additional Content Package 1,,
Hyperdimension Neptunia Re;Birth1: Additional Content Package 2,,
Hyperdimension Neptunia Re;Birth1: Additional Content Package 3,,
Hyperdimension Neptunia Re;Birth1: Fairy Fencer F,,
Hyperdimension Neptunia Re;Birth1: Histoire Battle Entry License,,
Hyperdimension Neptunia Re;Birth1: Peashy Battle Entry License,,
Hyperdimension Neptunia Re;Birth1: Plutia Battle Entry License,,
Hyperdimension Neptunia Re;Birth2: Sisters Generation,,
Hyperdimension Neptunia Re;Birth2: Sisters Generation - Additional Content Pack 1,,
Hyperdimension Neptunia Re;Birth2: Sisters Generation - Additional Content Pack 2,,
Hyperdimension Neptunia Re;Birth2: Sisters Generation - Additional Content Pack 3,,
Hyperdimension Neptunia Re;Birth3: V Generation,,
Hyperdimension Neptunia Re;Birth3: V Generation - Additional Characters 1,,
Hyperdimension Neptunia Re;Birth3: V Generation - Additional Characters 2,,
Hyperdimension Neptunia Re;Birth3: V Generation - Additional Content Package 1,,
Hyperdimension Neptunia Re;Birth3: V Generation - Additional Content Package 2,,
Hyperdimension Neptunia Re;Birth3: V Generation - Additional Content Package 3,,
Hyperdimension Neptunia U: Action Unleashed,,
Imaginstruments,,
Indoor Sports World,,
Injustice: Kamigami no Gekitotsu,,
Invizimals: The Alliance,,
Invizimals: The Resistance,,
Jacob Jones and the Bigfoot Mystery: Episode One - A Bump in the Night,,
Jak and Daxter Collection,,
"Jak and Daxter Trilogy, The",,
Jak and Daxter: The Precursor Legacy HD,,
Jet Set Radio,,
Jetpack Joyride,,
Jigoku no Gundan: Army Corps of Hell,,
Joe Danger,,
Jonah Lomu Rugby Challenge,,
Kagero: Darkside Princess,,
Kami Jigen Idol Neptune PP,,
Kami Jijigen Game Neptune Re;Birth 3: V Century,,
Kami Jijigen Game Neptune Re;Birth 3: V Century - Additional Characters 1,,
Kami Jijigen Game Neptune Re;Birth 3: V Century - Additional Characters 2,,
Kami Jijigen Game Neptune Re;Birth 3: V Century - Additional Content Package 1,,
Kami Jijigen Game Neptune Re;Birth 3: V Century - Additional Content Package 2,,
Kami Jijigen Game Neptune Re;Birth 3: V Century - Additional Content Package 3,,
Katamari Damacy No-Vita,,
KickBeat,,
Killzone: Mercenary,,
Knytt Underground,,
Kung Fu Rabbit,,
Kyokugen Dasshutsu ADV: Zennin Shiboudesu,,
"Legend of Heroes: Trails of Cold Steel II, The",,
"Legend of Heroes: Trails of Cold Steel, The",,
LEGO Batman 2: DC Super Heroes,,
LEGO Harry Potter: Years 5-7,,
LEGO Legends of Chima: Laval's Journey,,
LEGO Marvel Super Heroes: Universe in Peril,,
LEGO Ninjago: Nindroids,,
LEGO Ninjago: Shadow of Ronin,,
LEGO The Lord of the Rings,,
Lemmings Touch,,
Let's Fish! Hooked On,,
Let's Try Bass Fishing: FISH ON NEXT,,
Lets Fish! Hooked On,,
Little Deviants,,
LittleBigPlanet PS Vita,,
LittleBigPlanet PS Vita: Marvel Super Hero Edition,,
Looney Tunes: Galactic Sports,,
Lost Dimension,,
Luftrausers,,
Lumines: Electronic Symphony,,
Machinarium,,
Magical Beat,,
Magical Beat: Beat de Tsunaku Ochimo no Puzzle,,
Mahjong Gold,,
Mahjong Royal Towers,,
Mahjong World Contest,,
Makai Senki Disgaea 3 Return,,
Makai Senki Disgaea 4 Return,,
Makaigami Trillion,,
Malicious Rebirth,,
Mato Kurenai Yuugekitai: Tokyo Twilight Ghosthunters,,
Men's Room Mayhem,,
Meruru no Atelier Plus: Arland no Renkinjutsushi 3,,
Metal Gear Solid 2 HD Edition,,
Metal Gear Solid 2: Sons of Liberty HD Edition,,
Metal Gear Solid 3 HD Edition,,
Metal Gear Solid 3: Snake Eater HD Edition,,
Metal Gear Solid HD Collection,,
Metal Gear Solid HD Edition,,
Metrico,,
Michael Jackson The Experience HD,,
Mind = Zero,,
Mind Zero,,
Minecraft: PlayStation Vita Edition,,
Minna no Golf 6,,
MLB 12: The Show,,
MLB 13: The Show,,
ModNation Racers,,
ModNation Racers: Road Trip,,
MotoGP 13,,
MotoGP 13 Compact,,
MotorStorm RC,,
Ms. Germinator,,
MUD - FIM Motocross World Championship,,
"Muppets: Movie Adventures, The",,
Muramasa Rebirth,,
Murasaki Baby,,
Need for Speed: Most Wanted,,
Need for Speed: Most Wanted - A Criterion Game,,
New Little King's Story,,
Night Climb,,
Ninja Gaiden Sigma 2 Plus,,
Ninja Gaiden Sigma Plus,,
Norn9: Var Commons,,
Oboro Muramasa,,
Oddworld: Stranger's Wrath,,
Oddworld: Stranger's Wrath HD,,
One Piece: Unlimited World Red,,
Open Me!,,
Operation Abyss: New Tokyo Legacy,,
Origami Kami,,
Ou to Maou to 7-nin no Himegimitachi: Shin Ousama Monogatari,,
Persona 4 Golden,,
Persona 4: Dancing All Night,,
Persona 4: The Golden,,
Phantom Breaker: Battle Grounds,,
Phineas and Ferb: Day of Doofenshmirtz,,
Pinball Heroes: Complete,,
PixelJunk Monsters: Ultimate HD,,
Plants vs. Zombies,,
PlayStation All-Stars Battle Royale,,
PlayStation Home Arcade,,
PlayStation Vita,,
PlayStation Vita Pets,,
Power Smash 4,,
Proteus,,
Puls-AR,,
PulzAR,,
Quell Memento,,
Ragnarok Odyssey,,
Ragnarok Odyssey ACE,,
Rainbow Moon,,
Ratchet & Clank 2,,
Ratchet & Clank 3,,
Ratchet & Clank Collection,,
"Ratchet & Clank Trilogy, The",,
Ratchet & Clank: Full Frontal Assault,,
Ratchet & Clank: Ginga Sentai QForce,,
Ratchet & Clank: QForce,,
Rayman Origins,,
Real Boxing,,
Reality Fighters,,
Red Game Without a Great Name,,
Resistance: America Saigo no Teikou,,
Resistance: Burning Skies,,
Retro City Rampage,,
Ridge Racer,,
Road Skill,,
Rocketbirds: Hardboiled Chicken,,
Role Playing Tetris,,
Royal Defense,,
Royal Defense: Invisible Threat,,
Rugby Challenge,,
Run Like Hell!,,
Sawari Makuru!,,
Sayonara Umihara Kawase Chirari,,
Sayonara UmiharaKawase +,,
Sei Madou Monogatari,,
Senran Kagura Shinovi Versus,,
Senran Kagura Shinovi Versus Shoujotachi no Shoumei,,
Senran Kagura Shinovi Versus: Shoujotachi no Shoumei,,
Senran Kagura: Bon Appetit,,
Senran Kagura: Bon Appetit!,,
Seraphim,,
Shin Rorona no Atelier: Hajimari no Monogatari - Arland no Renkinjutsushi,,
Shin Sangoku Musou Next,,
Shinobido 2: Revenge of Zen,,
Shinobido 2: Sange,,
Silent Hill: Book of Memories,,
Sine Mora,,
Skeleton Rider,,
Sly 2: Band of Thieves,,
Sly 3: Honor Among Thieves,,
"Sly Collection, The",,
Sly Cooper and the Thievius Raccoonus,,
Sly Cooper Collection,,
Sly Cooper: Thieves in Time,,
"Sly Trilogy, The",,
Smart as...,,
Sonic & All-Stars Racing Transformed,,
Sorcery Saga: The Curse of the Great Curry God,,
Soul Sacrifice,,
Soul Sacrifice Delta,,
Sound Shapes,,
Sparkle,,
Spy Hunter,,
Star Wars Pinball,,
Star Wars Pinball: Balance of the Force,,
Starlight Inception,,
Stealth Inc: A Clone in the Dark,,
Stealth Inc: A Clone in the Dark - The Lost Clones,,
Stealth Inc: A Clone in the Dark - The Teleporter Chambers,,
Stranger of Sword City,,
Street Fighter X Tekken,,
SunFlowers,,
Super Danganronpa 2,,
Super Monkey Ball: Banana Splitz,,
Super Monkey Ball: Tokumori AsoVita!,,
Super Stardust Delta,,
Superfrog HD,,
Sword Art Online: Hollow Fragment,,
t@g,,
Table Football,,
Table Ice Hockey,,
Table Mini Golf,,
Table Play Golf,,
Table Play Ice Hockey,,
Table Play Soccer,,
Table Soccer,,
Table Top Racing,,
Table Top Tanks,,
Tales From Space: Mutant Blobs Attack,,
Tales of Hearts R,,
Tearaway,,
Tearaway: Hagareta Sekai no Daibouken,,
Ten by Eight,,
Tokyo Shinseiroku: Operation Abyss,,
Tokyo Twilight Ghost Hunters,,
Top Darts,,
Total Recoil,,
Totori no Atelier Plus: Arland no Renkinjutsushi 2,,
Touch My Katamari,,
Toukiden Kiwami,,
Treasure Park,,
Treasures of Montezuma Blitz,,
TriCirSquare,,
Trillion: God of Destruction,,
Tsurugi no Machi no Ihoujin: Kuro no Kyuuden,,
Ultimate Marvel vs. Capcom 3,,
Uncharted: Chizu no Bouken no Hajimari,,
Uncharted: Fight for Fortune,,
Uncharted: Golden Abyss,,
Unit 13,,
Urban Trial Freestyle,,
Valhalla Knights 3,,
Valhalla Knights 3 Gold,,
Viking Poipoi!!,,
Virtua Tennis 4: World Tour Edition,,
Virtue's Last Reward,,
"Walking Dead: Season Two Episode 1 - All That Remains, The",,
"Walking Dead: Season Two Episode 2 - A House Divided, The",,
"Walking Dead: Season Two Episode 3 - In Harm's Way, The",,
"Walking Dead: Season Two Episode 4 - Amid the Ruins, The",,
"Walking Dead: Season Two Episode 5 - No Going Back, The",,
Wallabies Rugby Challenge,,
When Vikings Attack!,,
Wipeout 2048,,
Ys: Celceta no Jukai,,
Ys: Memories of Celceta,,
Z-Run,,
ZEN Pinball 2,,
Zero Escape: Virtue's Last Reward,,
Zettai Geigeki Wars,,
Zettai Zetsubou Shoujo: Dangan-Ronpa - Another Episode,,
Zombie Tycoon 2: Brainhov's Revenge,,
35 Junior Games,,
3D After Burner II,,
3D Altered Beast,,
3D Bare Knuckle,,
3D Bare Knuckle II: Shitou e no Chinkon Uta,,
3D Classics: Excitebike,,
3D Classics: Hoshi no Kirby: Yume no Izumi no Monogatari,,
3D Classics: Kid Icarus,,
3D Classics: Kirby's Adventure,,
3D Classics: Palutena no Kagami,,
3D Classics: TwinBee,,
3D Classics: Urban Champion,,
3D Classics: Xevious,,
3D Ecco the Dolphin,,
3D Fantasy Zone,,
3D Fantasy Zone II W,,
3D Fantasy Zone: Opa-Opa Bros.,,
3D Galaxy Force II,,
3D Game Collection: 55-in-1,,
3D Gunstar Heroes,,
3D Juuouki,,
3D Out Run,,
3D OutRun,,
3D Shinobi III,,
3D Shinobi III: Return of the Ninja Master,,
3D Sonic the Hedgehog,,
3D Sonic the Hedgehog 2,,
3D Space Harrier,,
3D Streets of Rage,,
3D Streets of Rage II,,
3D Super Hang-On,,
3D The Super Shinobi II,,
3D Thunder Blade,,
4 Elements,,
A-Ressha de Ikou 3D,,
A-Train: City Simulator,,
Ace Combat 3D: Cross Rumble,,
Ace Combat 3D: Cross Rumble+,,
Ace Combat: Assault Horizon Legacy,,
Ace Combat: Assault Horizon Legacy+,,
Ace Combat: Cross Rumble+,,
Adventure Time,,
Adventure Time: Explore the Dungeon Because I DON'T KNOW!,,
Adventure Time: Hey Ice King! Why'd You Steal Our Garbage?!,,
Adventure Time: The Secret of the Nameless Kingdom,,
"Adventures of Tintin: The Game, The",,
"Adventures of Tintin: The Secret of the Unicorn, The",,
Alexandra Ledermann 3D,,
American Mensa Academy,,
Angler's Club: Ultimate Bass Fishing 3D,,
Angry Birds Trilogy,,
Animal Crossing: Happy Home Designer,,
Animal Crossing: New Leaf,,
Animal Hospital,,
Animal Resort: Dobutsuen o Tsukurou!!,,
AR Games,,
Armed Blue: Gunvolt,,
Around the World with Hello Kitty & Friends,,
Art Academy: Lessons for Everyone,,
Art of Balance Touch!,,
Asphalt 3D,,
Asphalt 3D: Nitro Racing,,
Assassin's Creed: Lost Legacy,,
ATV Fever,,
Azure Striker Gunvolt,,
Azure Striker Gunvolt: Striker Pack,,
Badge Toreru Center,,
Barbie and Her Sisters: Puppy Rescue,,
Barbie Dreamhouse Party,,
Ben 10 Omniverse 2,,
Ben 10: Omniverse,,
Beyblade Evolution,,
Beyblade: Evolution,,
BioHazard: Revelations,,
BioHazard: The Mercenaries 3D,,
BIT.TRIP SAGA,,
BlazBlue: Continuum Shift II,,
Bokujou Monogatari: Hajimari no Daichi,,
Bokujou Monogatari: Tsunagaru Shin Tenchi,,
BOXBOY!,,
Brain Age: Concentration Training,,
Brainstorm Series: Word Wizard 3D,,
Bravely Default,,
Bravely Default: For the Sequel,,
Bravely Second: End Layer,,
Bust-A-Move Universe,,
Byeorui Kirby: Robobo Planet,,
Byeorui Kirby: Triple Deluxe,,
Captain America: Super Soldier,,
Carnival Games: Wild West 3D,,
Cartoon Network: Punch Time Explosion,,
Castlevania: Lords of Shadow - Mirror of Fate,,
Castlevania: Lords of Shadow - Sadame no Makyou,,
Cave Story,,
Cave Story 3D,,
"Chibi-Robo! Lets Go, Photo!",,
Chibi-Robo! Photo Finder,,
Chibi-Robo! Zip Lash,,
Chin'gumoa Apateu,,
Code Name: S.T.E.A.M.,,
Code Name: S.T.E.A.M.: Lincoln VS Aliens,,
Code of Princess,,
Colors! 3D,,
Combat of Giants: Dinosaurs 3D,,
Cooking Mama 4,,
Cooking Mama 4: Kitchen Magic,,
Cooking Mama 5,,
Cooking Mama 5: Bon Appetit!,,
Cooking Mama: Bon Appetit!,,
Cooking Mama: Mamawa Naui Yori Sigan!,,
Crashmo,,
"Croods: Prehistoric Party!, The",,
CRUSH3D,,
Cubic Ninja,,
Cut the Rope: Triple Treat,,
Dairantou Smash Bros. for Nintendo 3DS,,
Dairantou Super Smash Bros. for Nintendo 3DS,,
Danball Senki Baku Boost,,
Dead or Alive: Dimensions,,
Deca Sporta: 3D Sports,,
Deca Sports Extreme,,
DeDeDe Daiou no DeDeDe de Den Z,,
Dedede's Drum Dash Deluxe,,
"Denpa Men 2: Beyond the Waves, The",,
"Denpa Men: They Came By Wave, The",,
Denpa Ningen no RPG,,
Denpa Ningen no RPG 2,,
Devil Summoner: Soul Hackers,,
Devil Survivor 2: Break Record,,
Dillon's Rolling Western,,
Dillon's Rolling Western: The Last Ranger,,
Disney Anna to Yuki no Joou: Olaf no Okurimono,,
Disney Art Academy,,
Disney Baymax: Heroes Battle,,
Disney Big Hero 6: Battle in the Bay,,
Disney Epic Mickey: Mickey no Fushigi na Bouken,,
Disney Epic Mickey: The Power of Illusion,,
Disney Frozen: Olaf's Quest,,
Disney Infinity: Toy Box Challenge,,
Disney Magic Castle: My Happy Life,,
Disney Magic Castle: My Happy Life 2,,
Disney Magical World,,
Disney Magical World 2,,
Disney Planes,,
Disney Planes: Fire & Rescue,,
Disney Princess: My Fairytale Adventure,,
Disney/Pixar Cars 2,,
Doctor Lautrec and the Forgotten Knights,,
Doctor Lautrec to Boukyaku no Kishidan,,
Donkey Kong Country Returns 3D,,
Donkey Kong Returns 3D,,
Doodle Jump Adventures,,
Doubutsu no Mori: Happy Home Designer,,
Doukutsu Monogatari,,
Doukutsu Monogatari 3D,,
Dr. Kawashima's Devilish Brain Training: Can You Stay Focused?,,
Dragon Ball Z: Extreme Butoden,,
Dragon Ball Z: Extreme Butouden,,
Dragon Quest VII: Eden no Senshitachi,,
Dragon Quest VII: Fragments of the Forgotten Past,,
Dragon Quest VIII: Journey of the Cursed King,,
Dragon Quest VIII: Sora to Umi to Daichi to Norowareshi Himegimi,,
Dream Trigger 3D,,
DreamWorks Madagascar 3: Europe's Most Wanted,,
DreamWorks Madagascar 3: The Video Game,,
Driver: Renegade,,
Driver: Renegade 3D,,
DualPenSports,,
Etrian Mystery Dungeon,,
Etrian Odyssey 2 Untold: The Fafnir Knight,,
Etrian Odyssey IV: Legends of the Titan,,
Etrian Odyssey Untold: The Millennium Girl,,
Ever Oasis,,
Exchange Diary,,
Face Racers: Photo Finish,,
Face Raiders,,
Fallblox,,
Famicom Remix Best Choice,,
Fantasy Life,,
FIFA 12,,
FIFA Soccer 12,,
Final Fantasy Explorers,,
Finding Nemo: Escape to the Big Blue Special Edition,,
Fire Emblem Fates: Birthright,,
Fire Emblem Fates: Conquest,,
Fire Emblem Fates: Limited Edition,,
Fire Emblem Fates: Special Edition,,
Fire Emblem If: Anya Oukoku,,
Fire Emblem If: Byakuya Oukoku,,
Fire Emblem If: Special Edition,,
Fire Emblem: Awakening,,
Fire Emblem: Awakening - Apotheosis,,
Fire Emblem: Awakening - Champions of Yore 1,,
Fire Emblem: Awakening - Champions of Yore 2,,
Fire Emblem: Awakening - Champions of Yore 3,,
Fire Emblem: Awakening - Death's Embrace,,
Fire Emblem: Awakening - EXPonential Growth,,
Fire Emblem: Awakening - Five-Anna Firefight,,
Fire Emblem: Awakening - Harvest Scramble,,
Fire Emblem: Awakening - Hot Spring Scramble,,
Fire Emblem: Awakening - Infinite Regalia,,
Fire Emblem: Awakening - Lost Bloodlines 1,,
Fire Emblem: Awakening - Lost Bloodlines 2,,
Fire Emblem: Awakening - Lost Bloodlines 3,,
Fire Emblem: Awakening - Rogues and Redeemers 1,,
Fire Emblem: Awakening - Rogues and Redeemers 2,,
Fire Emblem: Awakening - Rogues and Redeemers 3,,
Fire Emblem: Awakening - Roster Rescue,,
Fire Emblem: Awakening - Smash Brethren 1,,
Fire Emblem: Awakening - Smash Brethren 2,,
Fire Emblem: Awakening - Smash Brethren 3,,
Fire Emblem: Awakening - Summer Scramble,,
Fire Emblem: Awakening - The Future Past 1,,
Fire Emblem: Awakening - The Future Past 2,,
Fire Emblem: Awakening - The Future Past 3,,
Fire Emblem: Awakening - The Golden Gaffe,,
Fire Emblem: Kakusei,,
Fire Emblem: Kakusei - Eirei no Mafu 1,,
Fire Emblem: Kakusei - Eirei no Mafu 2,,
Fire Emblem: Kakusei - Eirei no Mafu 3,,
Fire Emblem: Kakusei - Gonin no Anna,,
Fire Emblem: Kakusei - Hikari to Yami - Hikari-hen,,
Fire Emblem: Kakusei - Hikari to Yami - Kessen Hen,,
Fire Emblem: Kakusei - Hikari to Yami - Yami-hen,,
Fire Emblem: Kakusei - Iedomo no Hitou,,
Fire Emblem: Kakusei - Iedomo no Natsu,,
Fire Emblem: Kakusei - Iedomo no Shuukakusai,,
Fire Emblem: Kakusei - Kin to Gin,,
Fire Emblem: Kakusei - Kurenai tai Ao - Fuuin Hen,,
Fire Emblem: Kakusei - Kurenai tai Ao - Kessen Hen,,
Fire Emblem: Kakusei - Kurenai tai Ao - Souen Hen,,
Fire Emblem: Kakusei - Mamii no Rakuen,,
Fire Emblem: Kakusei - Meikyuu no Tsuiseki Sen,,
Fire Emblem: Kakusei - Mottomo Tsuyoki Mono no Mei,,
Fire Emblem: Kakusei - Mugen no Jingi,,
Fire Emblem: Kakusei - Nama to Shino Sakai Ni,,
Fire Emblem: Kakusei - Ou tai Ou - Kessen Hen,,
Fire Emblem: Kakusei - Ou tai Ou - Monshou Hen,,
Fire Emblem: Kakusei - Ou tai Ou - Seisen Hen,,
Fire Emblem: Kakusei - Zetsubou no Mirai 1,,
Fire Emblem: Kakusei - Zetsubou no Mirai 2,,
Fire Emblem: Kakusei - Zetsubou no Mirai 3,,
Fishing 3D,,
Flipnote Studio 3D,,
Fossil Fighters: Frontier,,
Fractured Soul,,
"Freakyforms Deluxe: Your Creations, Alive!",,
"Freakyforms: Your Creations, Alive!",,
Fullblox,,
Fun! Fun! Minigolf TOUCH!,,
Funky Barn 3D,,
Game Zanmai,,
Gardening Mama 2: Forest Friends,,
Gardening Mama: Forest Friends,,
Gardening Mama: Mama to Mori no Nakama Tachi,,
Gardens,,
Girls Fashion 3D: Mezase! Top Stylist,,
Girls Style: Yokubari Sengen!,,
Gravity Falls: Legend of the Gnome Gemulets,,
Green Lantern: Rise of the Manhunters,,
Guild02: Uchuusen Damrey-Gou,,
Gunman Clive,,
Gunman Clive 2,,
Gunman Story,,
Gunman Story 2,,
Gyakuten Saiban 123: Naruhodo Selection,,
Hako Boy!,,
Happy * Animal Bokujou,,
Happy Feet Two: The Videogame,,
HarmoKnight,,
Harvest Moon 3D: A New Beginning,,
Harvest Moon 3D: The Lost Valley,,
Harvest Moon 3D: The Tale of Two Towns,,
Harvest Moon: The Lost Valley,,
Harvest Moon: The Tale of Two Towns,,
Hatsune Miku: Project Mirai 2,,
Hatsune Miku: Project Mirai Deluxe,,
Hatsune Miku: Project Mirai DX,,
Hello Kitty & Friends: Rock n' World Tour,,
Hello Kitty and the Apron of Magic: Rhythm Cooking,,
Hello Kitty Picnic with Sanrio Characters,,
Hello Kitty Picnic with Sanrio Friends,,
Hello Kitty to Mahou no Apron: Rhythm Cooking,,
Hello Kitty to Sanrio Characters: World Rock Tour,,
Hello Kitty to Sekai Ryokou! Iron na Kuni e Odekake Shimasho,,
Hello Kitty's Magic Apron,,
Heroes of Ruin,,
"Hidden, The",,
Hikudasu: Hippa Land,,
Hikuosu,,
Hikuotsu,,
HomeTown Story,,
Hoshi no Kirby: Robobo Planet,,
Hoshi no Kirby: Triple Deluxe,,
Hot Wheels: World's Best Driver,,
How to Train Your Dragon 2,,
Hyrule Warriors Legends,,
Hyu~ Stone,,
Ikimonodzukuri: Creatoy,,
Imagine Championship Rider 3D,,
Imagine Fashion Designer,,
Imagine Fashion Designer 3D,,
Inazuma Eleven Go: Dark,,
Inazuma Eleven Go: Light,,
Inazuma Eleven Go: Shadow,,
Inazuma Eleven Go: Shine,,
iQue 3DS XL,,
IRONFALL Invasion,,
Ishi Sengokuden Sadame,,
Itsu no ma ni Koukan Nikki,,
James Noir's Hollywood Crimes,,
Jewel Master: Cradle of Egypt 2 3D,,
Jissha de Chibi Robo!,,
Junior Classic Games 3D,,
Junior Games 3D,,
Kaihou Shoujo,,
Kao Shooting,,
Kaseki Horider: Mugen Gear,,
Kawaii Koinu 3D,,
Kersploosh!,,
Ketzal's Corridors,,
Kid Icarus: Uprising,,
Kingdom Hearts 3D: Dream Drop Distance,,
Kirby Fighters Deluxe,,
Kirby Fighters Z,,
Kirby: Planet Robobot,,
Kirby: Triple Deluxe,,
Kokuga,,
Kuma-Tomo,,
Layton Kyouju to Choubunmei A no Isan,,
Layton Kyouju to Kiseki no Kamen,,
Layton Kyouju to Kiseki no Kamen+,,
Layton Kyouju vs Gyakuten Saiban,,
LBX: Little Battlers eXperience,,
"Legend of Dark Witch 2, The",,
"Legend of Dark Witch, The",,
"Legend of Dark Witch: Chronicle 2D Act, The",,
"Legend of Legacy, The",,
"Legend of the Zelda: Ocarina of Time 3D, The",,
"Legend of Zelda: A Link Between Worlds, The",,
"Legend of Zelda: Majora's Mask 3D, The",,
"Legend of Zelda: Majoras Mask 3D, The",,
"Legend of Zelda: Ocarina of Time 3D, The",,
"Legend of Zelda: Tri Force Heroes, The",,
LEGO City Undercover: The Chase Begins,,
LEGO Friends,,
LEGO Marvel Super Heroes: The Game,,
LEGO Ninjago: Ronin no Kage,,
LEGO Pirates of the Caribbean: The Video Game,,
LEGO Star Wars III: The Clone Wars,,
Let's Golf 3D,,
Liberation Maiden,,
Luigi Mansion 2,,
Luigi's Mansion 2,,
Luigi's Mansion: Dark Moon,,
Majin Shoujo Episode 2: Negai e no Daika,,
Majin Shoujo: Chronicle 2D Act,,
Mario & Luigi RPG 4: Dream Adventure,,
Mario & Luigi RPG: Paper Mario MIX,,
Mario & Luigi: Dream Team,,
Mario & Luigi: Dream Team Bros.,,
Mario & Luigi: Paper Jam,,
Mario & Luigi: Paper Jam Bros.,,
Mario & Sonic at London Olympics,,
Mario & Sonic at Rio Olympics,,
Mario & Sonic at the London 2012 Olympic Games,,
Mario & Sonic at the Rio 2016 Olympic Games,,
Mario and Donkey Kong: Mini Mini Carnival,,
Mario and Donkey Kong: Minis on the Move,,
Mario Golf: World Tour,,
Mario Golf: World Tour - Flower Pack,,
Mario Golf: World Tour - Mushroom Pack,,
Mario Kart 7,,
Mario Party: Island Tour,,
Mario Party: Star Rush,,
Mario Tennis Open,,
Mario vs. Donkey Kong: Minna de Mini-Land,,
Mario vs. Donkey Kong: Tipping Stars,,
Marvel Super Hero Squad: The Infinity Gauntlet,,
Mega Man Legends 3,,
Mega Man Legends 3: Prototype Version,,
Mensa Academy,,
Metal Gear Solid: Snake Eater 3D,,
Metroid Prime: Federation Force,,
Michael Jackson The Experience,,
Mighty Gunvolt,,
Mighty Switch Force!,,
Mighty Switch Force! 2,,
Mii Maker,,
Mii Studio,,
Mini-Mario & Friends: amiibo Challenge,,
Minna no Pokemon Scramble,,
Monster 4x4 3D,,
Monster High: 13 Wishes,,
Monster High: New Ghoul in School,,
Monster High: Skultimate Roller Maze,,
Monster Hunter 3 Ultimate,,
Monster Hunter 3G,,
Monster Hunter 4 Ultimate,,
Monster Hunter 4G,,
Monster Hunter Generations,,
Monster Hunter X,,
Moshi Monsters: Katsuma Unleashed,,
Moshi Monsters: Moshlings Theme Park,,
Mud Attack! Max Vs Dorodoro Seijin,,
Mutant Mudds,,
Mutant Mudds: Super Challenge,,
My Farm 3D,,
My Foal 3D,,
My Garden,,
Myst,,
Mystery Murders: Jack the Ripper,,
Nagenawa Action! Guruguru! Chibi Robo!,,
Nano Assault,,
Nano Assault EX,,
Naruto Powerful Shippuden,,
Naruto SD Powerful Shippuden,,
Naruto Shippuden 3D: The New Era,,
Naruto Shippuden: Shinobi Rittai Emaki! Saikyou Ninkai Kessen!!,,
Naruto Shippuden: The New Era,,
Navy Commander,,
NCIS 3D,,
Need for Speed: The Run,,
New Art Academy,,
New Nintendo 3DS,,
New Nintendo 3DS LL,,
New Nintendo 3DS XL,,
New Style Boutique,,
New Super Mario Bros. 2,,
Nickelodeon Teenage Mutant Ninja Turtles,,
Nightmare Puzzle: Crush 3D,,
Nikoli's Pencil Puzzle,,
Nintendo 2DS,,
Nintendo 3DS,,
Nintendo 3DS LL,,
Nintendo 3DS XL,,
Nintendo Badge Arcade,,
Nintendo Letter Box,,
Nintendo Presents: New Style Boutique 2 - Fashion Forward,,
Nintendo Video,,
Nintendogs + Cats: French Bulldog & New Friends,,
Nintendogs + Cats: Golden Retriever & New Friends,,
Nintendogs + Cats: Shiba & New Friends,,
Nintendogs + Cats: Toy Poodle & New Friends,,
One Piece: Romance Dawn,,
One Piece: Romance Dawn - Bouken no Yoake,,
Oomori! Ikimonodzukuri: Creatoy,,
Oshare de Kawaii! Koinu to Asobo! Machi-Hen,,
Oshare de Kawaii! Koinu to Asobo! Umi-Hen,,
Pac-Man & Galaga Dimensions,,
Pac-Man and the Ghostly Adventures,,
Pac-Man and the Ghostly Adventures 2,,
Pac-Man Museum,,
Pac-Man Party 3D,,
Pac-World,,
Pac-World 2,,
Paper Mario: Sticker Star,,
Paper Mario: Super Seal,,
Persona Q: Shadow of the Labyrinth,,
Pet Zombies,,
Petz Beach,,
Petz Countryside,,
Petz Fantasy 3D,,
Phoenix Wright: Ace Attorney Trilogy,,
Picross e5,,
Pilotwings Resort,,
Pocket Card Jockey,,
Pocket Monsters Alpha Sapphire,,
Pocket Monsters Moon,,
Pocket Monsters Omega Ruby,,
Pocket Monsters Sun,,
Pocket Monsters X,,
Pocket Monsters Y,,
Pokedex 3D,,
Pokedex 3D Pro,,
Pokemon Alpha Sapphire,,
Pokemon AR Searcher,,
Pokemon Art Academy,,
Pokemon Bank,,
Pokemon Chou Fushigi no Dungeon,,
Pokemon Dream Radar,,
Pokemon Moon,,
Pokemon Mystery Dungeon: Gates to Infinity,,
Pokemon no Fushigi no Dungeon: Magnagate to Mugendai no Meikyuu,,
Pokemon Omega Ruby,,
Pokemon Picross,,
Pokemon Rittai Zukan BW,,
Pokemon Rumble Blast,,
Pokemon Rumble World,,
Pokemon Shuffle,,
Pokemon Sun,,
Pokemon Super Mystery Dungeon,,
Pokemon X,,
Pokemon Y,,
Pokemon Zenkoku Zukan Pro,,
PokeToru,,
PoPoLoCrois: Bokujou Monogatari,,
Power Rangers Megaforce,,
Power Rangers Super Megaforce,,
Pro Evolution Soccer 2011 3D,,
Pro Evolution Soccer 2013 3D,,
Professor Layton and the Azran Legacy,,
Professor Layton and the Miracle Mask,,
Professor Layton VS Phoenix Wright Ace Attorney,,
Project Cross Zone,,
Project Cross Zone 2,,
Project X Zone,,
Project X Zone 2,,
Project X Zone 2: Brave New World,,
Pullblox,,
Puppies 3D,,
Puppies World 3D,,
Purr Pals: Purrfection,,
Push Drop,,
Push Pull,,
Pushmo,,
Puzzle & Dragons Z + Puzzle & Dragons: Super Mario Bros. Edition,,
Puzzle Bobble Universe,,
Rabbids 3D,,
Rabbids Rumble,,
Rabbids Time Travel,,
Rabbids Travel in Time 3D,,
Rabi Laby 3,,
Rabi x Labi: Episode 3,,
Rayman 3D,,
Reel Fishing Paradise 3D,,
Reel Fishing Paradise 3D Mini,,
Regular Show: Mordecai and Rigby in 8-Bit Land,,
Rental Bukiya de Omasse,,
Resident Evil: Revelations,,
Resident Evil: The Mercenaries 3D,,
Return to PoPoLoCrois: A Story of Seasons Fairytale,,
Rhythm Heaven Megamix,,
Rhythm Hunter: Harmo Knight,,
Rhythm Kaitou R: Koutei Napoleon no Isan,,
Rhythm Paradise Megamix,,
Rhythm Tengoku: The Best+,,
Rhythm Thief & the Emperor's Treasure,,
Ridge Racer 3D,,
Rise of the Guardians,,
RockMan DASH 3,,
RockMan DASH 3: The Prologue,,
Rodea the Sky Soldier,,
RollerCoaster Tycoon 3D,,
"Rolling Western, The",,
"Rolling Western: Saigo no Youjinbou, The",,
Rune Factory 4,,
Sadame,,
Saitama,,
Samurai Warriors Chronicles,,
Satsujin Mystery: Kirisaki Jack,,
Sayonara Umihara Kawase,,
Scribblenauts Unlimited,,
Scribblenauts Unmasked: A DC Comics Adventure,,
Secret Mysteries in London,,
Sega 3D Classics Collection,,
Sega 3D Fukkoku Archives 2,,
Sekaiju no Meikyuu IV: Denshou no Kyojin,,
Sekaiju to Fushigi no Dungeon,,
Sengoku Musou Chronicle,,
Senran Kagura 2: Deep Crimson,,
Senran Kagura 2: Shinku,,
Senran Kagura Burst,,
Senran Kagura Burst: Guren no Shoujotachi,,
Sherlock Holmes: Puzzle City,,
Sherlock Holmes: The Mystery of the Frozen City,,
Shin Egokoro Kyoushitsu,,
Shin Hikari Shinwa: Palutena no Kagami,,
Shin Megami Tensei IV,,
Shin Megami Tensei: Devil Summoner - Soul Hackers,,
Shin Megami Tensei: Devil Survivor 2 Record Breaker,,
Shin Sekaiju no Meikyuu 2: Fafnir no Kishi,,
Shin Sekaiju no Meikyuu 2: Fafnir-ui Gisa,,
Shin Sekaiju no Meikyuu: Millennium no Shoujo,,
Shin Sekyesu-ui Mikung: Millennium-ui Sonyeo,,
Shinobi,,
Shinobi 3D,,
Shissou Surinuke Anatousu,,
"Sims 3, The",,
"Sims 3: Pets, The",,
Skylanders Giants,,
Skylanders SuperChargers Racing,,
Skylanders: Spyro no Daiboken,,
Skylanders: Spyro's Adventure,,
"Smurfs, The",,
SolitiBa,,
Sonic Boom: Fire & Ice,,
Sonic Boom: Shattered Crystal,,
Sonic Generations,,
Sonic Generations: Ao no Bouken,,
Sonic Toon: Fire & Ice,,
Sonic Toon: Island Adventure,,
Sonic: Lost World,,
SpeedThru: Potzol's Puzzle,,
SpeedX 3D,,
Spider-Man: Edge of Time,,
Splash or Crash,,
SpongeBob SquarePants: Plankton's Robotic Revenge,,
SpongeBob Squigglepants 3D,,
Sports Island 3D,,
Star Fox 64 3D,,
"Starship Damrey, The",,
SteamWorld Heist,,
SteamWorld Heist: The Outsider,,
Steel Diver,,
Stella Glow,,
Story of Seasons,,
StreetPass Mii Plaza,,
Stretchmo,,
Style Savvy: Fashion Forward,,
Style Savvy: Trendsetters,,
Sudoku to 3-Tsu no Puzzle: Nikoli no Puzzle Variety,,
Sudoku: The Puzzle Game Collection,,
Super Mario 3D Land,,
Super Monkey Ball 3D,,
Super Pokemon Rumble,,
Super Pokemon Scramble,,
Super Smash Bros. for Nintendo 3DS,,
Super Smash Brothers For Nintendo 3DS,,
Super Street Fighter IV: 3D Edition,,
Surechigai Mii Hiroba,,
Swapnote,,
Tales of the Abyss,,
Teddy Together,,
Teenage Mutant Ninja Turtles,,
Tekken 3D Prime Edition,,
Tenkai Knights: Brave Battle,,
Tetris,,
Tetris Axis,,
Theatrhythm Final Fantasy,,
Theatrhythm Final Fantasy: Curtain Call,,
Thor: God of Thunder,,
Tintin no Bouken: Unicorn-Gou no Himitsu,,
Tobidase Doubutsu no Mori,,
Tobidasu! Puzzle Bobble 3D,,
Tohoku Daigaku Karei Igaku Kenkyuusho - Kawashima Ryuuta Kyouju Kanshuu - Mono Sugoku Nou o Kitaeru 5-Funkan no Oni Training,,
Toki Tori 3D,,
Tom Clancy's Ghost Recon: Shadow Wars,,
Tom Clancy's Splinter Cell 3D,,
Tomodachi Collection: Shin Seikatsu,,
Tomodachi Life,,
Touch!! Double Pen Sports,,
Transformers Prime: The Game,,
Transformers: Dark of the Moon - Stealth Force Edition,,
"Trash Pack, The",,
Travel Adventures with Hello Kitty,,
Tsukurou Ponta no Gardens 3D,,
Turbo: Super Stunt Squad,,
Turtle Tale,,
Turtle Tale: Kameshima Dakkai,,
Twieonawayo Dongmul-ui Sup,,
Ugoku Memo Tobari 3D,,
Ultimate NES Remix,,
Viking Invasion 2: Tower Defense,,
VVVVVV,,
Wagamama Fashion: GirlsMode - Yokubari Sengen!,,
Wagamama Fashion: GirlsMode - Yokubari Sengen! Tokimeki Up!,,
Weapon Shop de Omasse,,
Winning Eleven 3DSoccer,,
Word Wizard 3D,,
World Soccer Winning Eleven 2013,,
Wreck-It Ralph,,
WWE All Stars,,
Xenoblade,,
Xenoblade Chronicles 3D,,
Yo-Kai Watch,,
Yo-Kai Watch 2: Bony Spirits,,
Yo-Kai Watch 2: Fleshy Souls,,
Yo-Kai Watch 2: Ganso,,
Yo-Kai Watch 2: Honke,,
Yoshi's New Island,,
Youkai Watch,,
Young Justice: Legacy,,
Yu-Gi-Oh! Zexal: Gekitotsu Duel Carnival,,
Yu-Gi-Oh! Zexal: World Duel Carnival,,
Yumi's Odd Odyssey,,
Zelda Musou: Hyrule All-Stars,,
Zelda no Densetsu: Kamigami no Triforce 2,,
Zelda no Densetsu: Majora no Kamen 3D,,
Zelda no Densetsu: Toki no Ocarina 3D,,
Zelda no Densetsu: Tri Force 3-Juushi,,
Zelda ui Jeonseol: Sindeurui Triforce 2,,
Zoo Resort 3D,,
007 Legends,,
Affordable Space Adventures,,
Aliens: Colonial Marines,,
Alphadia Genesis,,
amiibo Tap: Nintendo's Greatest Bits,,
amiibo Touch & Play: Nintendo Classics Highlights,,
Animal Crossing Plaza,,
Animal Crossing: amiibo Festival,,
Art Academy: Atelier,,
Art Academy: Home Studio,,
Art Academy: SketchPad,,
Art of Balance,,
Ashes Cricket 2013,,
Assassin's Creed III,,
Batman: Arkham Begins,,
Batman: Arkham City - Armored Edition,,
Batman: Arkham City - Armoured Edition,,
Batman: Arkham Origins,,
Batman: Arkham Origins Blackgate - Deluxe Edition,,
Bayonetta,,
Bayonetta + Bayonetta 2,,
Bayonetta 2,,
BioHazard: Revelations - Unveiled Edition,,
Bit.Trip Presents...Runner2: Rhythm Seijin no Bousou,,
Blok Drop U,,
Blok Drop X: Twisted Fusion,,
Cabela's Dangerous Hunts 2013,,
Call of Duty: Black Ops II,,
Captain Toad: Treasure Tracker,,
"Cave, The",,
Chronicles of Teddy: Harmony of Exidus,,
Color Bombs,,
Cubemen 2,,
Dairantou Smash Bros. for Wii U,,
Darksiders II,,
Deus Ex: Human Revolution - Director's Cut,,
Devil's Third,,
Disney DuckTales Remastered,,
Disney Epic Mickey 2: Futatsu no Chikara,,
Disney Infinity,,
Donkey Kong Country: Tropical Freeze,,
Donkey Kong: Tropical Freeze,,
Doubutsu no Mori: amiibo Festival,,
Doubutsu no Mori: Komorebi Hiroba,,
Dr. Luigi,,
Dr. Luigi & Saikin Bokumetsu,,
DreamWorks The Croods: Prehistoric Party!,,
Drop It: Block Paradise!,,
Egokoro Kyoushitsu: Sketch,,
Elliot Quest,,
Epic Dumpster Bear,,
ESPN Sports Connection,,
Famicom Remix,,
Famicom Remix 2,,
"Family Party, The",,
Family Party: 30 Great Games Obstacle Arcade,,
FAST Racing NEO,,
Fatal Frame: Maiden of Black Water,,
FreezeME,,
Funky Barn,,
Gaiabreaker,,
Game & Wario,,
Game Party Champions,,
Genei Ibun Roku #FE,,
Gunman Clive HD Collection,,
Gunman Story HD Collection,,
"Harry Potter and the Deathly Hallows, Part 2",,
Hello Kitty Kruisers,,
Hikuosu World,,
Hirameki Puzzle Tetoguramu,,
Hot Rod Racer,,
Hyrule Warriors,,
Injustice: Gods Among Us,,
Jackpot 777,,
Jikkuri Egokoro Kyoushitsu,,
Just Dance 4,,
Just Dance Kids 2014,,
Kirby and the Rainbow Curse,,
Kirby and the Rainbow Paintbrush,,
"Legend of Zelda: Breath of the Wild, The",,
"Legend of Zelda: The Wind Waker HD, The",,
"Legend of Zelda: Twilight Princess HD, The",,
LEGO City Undercover,,
Lost Reavers,,
Madden NFL 13,,
Mario & Sonic at the Sochi 2014 Olympic Winter Games,,
Mario Kart 8,,
Mario Party 10,,
Mario Tennis: Ultra Smash,,
Marvel Avengers: Battle for Earth,,
Mass Effect 3: Special Edition,,
Mighty Switch Force! Hyper Drive Edition,,
Minecraft: Wii U Edition,,
Monster Hunter 3G HD Ver.,,
Musou Orochi 2 Hyper,,
NBA 2K13,,
Need for Speed: Most Wanted U,,
Need for Speed: Most Wanted U - A Criterion Game,,
NES Remix,,
NES Remix 2,,
New Super Luigi U,,
New Super Mario Bros. U,,
New Super Mario Bros. U + New Super Luigi U,,
Nihilumbra,,
Ninja Gaiden 3: Razor's Edge,,
Nintendo Land,,
Nintendo x Joysound Wii Karaoke U,,
Olympia Rising,,
Paper Mario: Color Splash,,
PENTAPUZZLE,,
Pikmin 3,,
Pixel Slime U,,
Pokemon Rumble U,,
Pokemon Scramble U,,
Pokemon Tekken,,
Pokken Tournament,,
Project Zero: Maiden of Black Water,,
Project Zero: Maiden of the Black Water,,
Pullblox World,,
Pushmo World,,
Rabbids Land,,
Rayman Legends Challenges App,,
Runbow,,
Saikoro no Mori 3-in-1,,
"Sims, The",,
SiNG Party,,
"Smurfs 2, The",,
Sniper Elite V2,,
Sonic Boom: Rise of Lyric,,
Sonic Toon: Taiko no Hihou,,
Splashy Duck,,
Splatoon,,
Sports Connection,,
Star Fox Guard,,
Star Fox Zero,,
Star Fox Zero + Star Fox Guard,,
Star Fox Zero Double Pack,,
Star Fox Zero: First Print Edition,,
SteamWorld Dig HD,,
Super Mario 3D World,,
Super Mario Maker,,
Super Smash Bros. for Wii U,,
Susume! Kinopio Taichou,,
Tabletop Gallery,,
Tank! Tank! Tank!,,
Tap Tap Arcade,,
Tap Tap Arcade 2,,
Tap Tap Arcade 3,,
Tekken Tag Tournament 2: Wii U Edition,,
Tengami,,
Toki Tori,,
Toki Tori 2,,
Toki Tori 2+: Himerareta Nazo to Fushigi na Jima,,
Tokyo Mirage Sessions #FE,,
Tom Clancy's Ghost Recon Phantoms,,
Tom Clancy's Splinter Cell: Blacklist,,
Touch Selections,,
Touch! amiibo Ikinari Famicom Na Scene,,
Touch! Kirby Super Rainbow,,
Trine 2: Director's Cut,,
Trine 2: Mittsu no Chikara to Fukashigi no Mori,,
U-Explore Space Adventures,,
Unmei no Doukutsu: The Cave,,
Warriors Orochi 3 Hyper,,
Wii Fit U,,
Wii Karaoke U,,
Wii Karaoke U by Joysound,,
Wii Party U,,
Wii Sports Club,,
Wii Street U,,
Wii U,,
Wii U (Premium Set - White),,
Wii U Panorama View,,
"Wonderful 101, The",,
Xenoblade Chronicles X,,
Xenoblade Cross,,
Yoshi Wool World,,
Yoshi's Woolly World,,
Your Shape: Fitness Evolved 2013,,
ZaciSa's Last Stand,,
ZaciSa: Defense of the Crayon Dimension!,,
Zelda Musou,,
Zelda no Densetsu: Breath of the Wild,,
Zelda no Densetsu: Kaze no Takuto HD,,
Zelda no Densetsu: Twilight Princess HD,,
Zero: Nuregarasu no Miko,,
ZombiU,,